motion_movesteps,sc,sentence
motion_turnright,sc,sentence
motion_turnleft,sc,sentence
motion_goto,sc,sentence
motion_goto_menu,sc,menu
motion_gotoxy,sc,sentence
motion_glideto,sc,sentence
motion_glideto_menu,sc,menu
motion_glidesecstoxy,sc,sentence
motion_pointindirection,sc,sentence
motion_pointtowards,sc,sentence
motion_pointtowards_menu,sc,menu
motion_changexby,sc,sentence
motion_setx,sc,sentence
motion_changeyby,sc,sentence
motion_sety,sc,sentence
motion_ifonedgebounce,sc,sentence
motion_setrotationstyle,sc,sentence
motion_xposition,sc,num
motion_yposition,sc,num
motion_direction,sc,num
looks_sayforsecs,sc,sentence
looks_say,sc,sentence
looks_thinkforsecs,sc,sentence
looks_think,sc,sentence
looks_switchcostumeto,sc,sentence
looks_costume,sc,menu
looks_nextcostume,sc,sentence
looks_switchbackdropto,sc,sentence
looks_backdrops,sc,menu
looks_nextbackdrop,sc,sentence
looks_changesizeby,sc,sentence
looks_setsizeto,sc,sentence
looks_changeeffectby,sc,sentence
looks_seteffectto,sc,sentence
looks_cleargraphiceffects,sc,sentence
looks_show,sc,sentence
looks_hide,sc,sentence
looks_gotofrontback,sc,sentence
looks_goforwardbackwardlayers,sc,sentence
looks_costumenumbername,sc,num
looks_backdropnumbername,sc,num
looks_size,sc,num
sound_playuntildone,sc,sentence
sound_sounds_menu,sc,menu
sound_volume,sc,num
event_whenflagclicked,sc,top
event_whenkeypressed,sc,top
event_whenthisspriteclicked,sc,top
event_whenbackdropswitchesto,sc,top
event_whengreaterthan,sc,top
event_whenbroadcastreceived,sc,top
event_broadcast,sc,sentence
event_broadcastandwait,sc,sentence
control_wait,sc,sentence
control_repeat,sc,cmouth
control_forever,sc,cmouth
control_if,sc,cmouth
control_if_else,sc,cmouth
control_wait_until,sc,sentence
control_repeat_until,sc,cmouth
control_stop,sc,cmouth
control_start_as_clone,sc,top
control_create_clone_of,sc,sentence
control_create_clone_of_menu,sc,menu
control_delete_this_clone,sc,sentence
sensing_touchingobject,sc,bool
sensing_touchingobjectmenu,sc,menu
sensing_touchingcolor,sc,bool
sensing_coloristouchingcolor,sc,bool
sensing_distanceto,sc,num
sensing_distancetomenu,sc,menu
sensing_askandwait,sc,sentence
sensing_answer,sc,num
sensing_keypressed,sc,bool
sensing_keyoptions,sc,menu
sensing_mousedown,sc,bool
sensing_mousex,sc,num
sensing_mousey,sc,num
sensing_setdragmode,sc,sentence
sensing_loudness,sc,num
sensing_timer,sc,num
sensing_resettimer,sc,sentence
sensing_of,sc,num
sensing_of_object_menu,sc,menu
sensing_current,sc,num
sensing_dayssince2000,sc,num
sensing_username,sc,num
operator_add,sc,num
operator_subtract,sc,num
operator_multiply,sc,num
operator_divide,sc,num
operator_random,sc,num
operator_gt,sc,bool
operator_lt,sc,bool
operator_equals,sc,bool
operator_and,sc,bool
operator_or,sc,bool
operator_not,sc,bool
operator_join,sc,num
operator_letter_of,sc,num
operator_length,sc,num
operator_contains,sc,bool
operator_mod,sc,num
operator_round,sc,num
operator_mathop,sc,num
data_replaceitemoflist,sc,sentence
data_itemoflist,sc,num
data_itemnumoflist,sc,num
data_lengthoflist,sc,num
data_listcontainsitem,sc,bool
data_showlist,sc,sentence
data_hidelist,sc,sentence
procedures_definition,sc,top-def
procedures_prototype,sc,prototype
argument_reporter_string_number,sc,special-num
argument_reporter_boolean,sc,special-bool
music_playDrumForBeats,sc,sentence
music_menu_DRUM,sc,menu
music_restForBeats,sc,sentence
music_playNoteForBeats,sc,sentence
music_note,sc,menu
music_setInstrument,sc,sentence
music_menu_INSTRUMENT,sc,menu
music_setTempo,sc,sentence
music_changeTempo,sc,sentence
music_getTempo,sc,num
pen_clear,sc,sentence
pen_stamp,sc,sentence
pen_penDown,sc,sentence
pen_penUp,sc,sentence
pen_setPenColorToColor,sc,sentence
pen_changePenColorParamBy,sc,sentence
pen_menu_colorParam,sc,menu
pen_setPenColorParamTo,sc,sentence
pen_changePenSizeBy,sc,sentence
pen_setPenSizeTo,sc,sentence
videoSensing_whenMotionGreaterThan,sc,top
videoSensing_videoOn,sc,num
videoSensing_menu_ATTRIBUTE,sc,menu
videoSensing_menu_SUBJECT,sc,menu
videoSensing_videoToggle,sc,sentence
videoSensing_menu_VIDEO_STATE,sc,menu
videoSensing_setVideoTransparency,sc,sentence
text2speech_speakAndWait,sc,sentence
text2speech_setVoice,sc,sentence
text2speech_menu_voices,sc,menu
text2speech_setLanguage,sc,sentence
text2speech_menu_languages,sc,sentence
translate_getTranslate,sc,num
translate_menu_languages,sc,num
translate_getViewerLanguage,sc,num
makeymakey_whenMakeyKeyPressed,sc,top
makeymakey_menu_KEY,sc,menu
makeymakey_whenCodePressed,sc,top
makeymakey_menu_SEQUENCE,sc,menu
microbit_whenButtonPressed,sc,top
microbit_menu_buttons,sc,menu
microbit_isButtonPressed,sc,bool
microbit_whenGesture,sc,top
microbit_menu_gestures,sc,menu
microbit_displaySymbol,sc,sentence
matrix,sc,special-menu
microbit_displayText,sc,sentence
microbit_displayClear,sc,sentence
microbit_whenTilted,sc,top
microbit_menu_tiltDirectionAny,sc,menu
microbit_isTilted,sc,bool
microbit_getTiltAngle,sc,num
microbit_menu_tiltDirection,sc,menu
microbit_whenPinConnected,sc,top
microbit_menu_touchPins,sc,menu
ev3_motorTurnClockwise,sc,sentence
ev3_menu_motorPorts,sc,menu
ev3_motorTurnCounterClockwise,sc,sentence
ev3_motorSetPower,sc,sentence
ev3_getMotorPosition,sc,num
ev3_whenButtonPressed,sc,top
ev3_menu_sensorPorts,sc,menu
ev3_whenDistanceLessThan,sc,top
ev3_whenBrightnessLessThan,sc,top
ev3_buttonPressed,sc,bool
ev3_getDistance,sc,num
ev3_getBrightness,sc,num
ev3_beep,sc,sentence
note,sc,special-menu
boost_motorOnFor,sc,sentence
boost_menu_MOTOR_ID,sc,menu
boost_motorOnForRotation,sc,sentence
boost_motorOn,sc,sentence
boost_motorOff,sc,sentence
boost_setMotorPower,sc,sentence
boost_setMotorDirection,sc,sentence
boost_menu_MOTOR_DIRECTION,sc,menu
boost_getMotorPosition,sc,num
boost_menu_MOTOR_REPORTER_ID,sc,menu
boost_whenColor,sc,top
boost_menu_COLOR,sc,menu
boost_seeingColor,sc,bool
boost_whenTilted,sc,top
boost_menu_TILT_DIRECTION_ANY,sc,menu
boost_getTiltAngle,sc,num
boost_menu_TILT_DIRECTION,sc,menu
boost_setLightHue,sc,sentence
wedo2_motorOnFor,sc,sentence
wedo2_menu_MOTOR_ID,sc,menu
wedo2_motorOn,sc,sentence
wedo2_motorOff,sc,sentence
wedo2_startMotorPower,sc,sentence
wedo2_setMotorDirection,sc,sentence
wedo2_menu_MOTOR_DIRECTION,sc,menu
wedo2_setLightHue,sc,sentence
wedo2_whenDistance,sc,top
wedo2_menu_OP,sc,menu
wedo2_whenTilted,sc,top
wedo2_menu_TILT_DIRECTION_ANY,sc,menu
wedo2_getDistance,sc,num
wedo2_isTilted,sc,bool
wedo2_getTiltAngle,sc,num
wedo2_menu_TILT_DIRECTION,sc,menu
gdxfor_whenGesture,sc,top
gdxfor_menu_gestureOptions,sc,menu
gdxfor_whenForcePushedOrPulled,sc,top
gdxfor_menu_pushPullOptions,sc,menu
gdxfor_getForce,sc,num
gdxfor_whenTilted,sc,top
gdxfor_menu_tiltAnyOptions,sc,menu
gdxfor_isTilted,sc,bool
gdxfor_getTilt,sc,num
gdxfor_menu_tiltOptions,sc,menu
gdxfor_isFreeFalling,sc,bool
gdxfor_getSpinSpeed,sc,num
gdxfor_menu_axisOptions,sc,menu
gdxfor_getAcceleration,sc,num
pen_print,a,sentence
pen_setPenDownMode,a,sentence
lazyAudio_load,a,sentence
lazyAudio_playAndWait,a,sentence
canvas_beginPath,a,sentence
canvas_closePath,a,sentence
canvas_moveTo,a,sentence
canvas_lineTo,a,sentence
canvas_arc,a,sentence
canvas_rect,a,sentence
canvas_clip,a,sentence
canvas_setLineWidth,a,sentence
canvas_setLineCap,a,sentence
canvas_setStrokeStyle,a,sentence
canvas_setFillStyle,a,sentence
canvas_stroke,a,sentence
canvas_fill,a,sentence
canvas_clearRect,a,sentence
canvas_setFont,a,sentence
canvas_strokeText,a,sentence
canvas_fillText,a,sentence
canvas_measureText,a,num
canvas_loadImage,a,sentence
canvas_drawImage,a,sentence
canvas_scale,a,sentence
canvas_rotate,a,sentence
canvas_translate,a,sentence
canvas_transform,a,sentence
canvas_clearTransform,a,sentence
canvas_save,a,sentence
canvas_restore,a,sentence
canvas_setGlobalAlpha,a,sentence
canvas_setGlobalCompositeOperation,a,sentence
canvas_switchCanvas,a,sentence
canvas_stampOnStage,a,sentence
battle_connect,a,sentence
battle_excute,a,sentence
battle_refresh,a,sentence
battle_getId,a,num
battle_getError,a,num
battle_getSituation,a,num
stringExt_charCodeAt,a,num
stringExt_fromCharCode,a,num
stringExt_serializeToJson,a,num
stringExt_deserializeFromJson,a,sentence
stringExt_postJson,a,sentence
stringExt_menu_urlNames,a,menu
stringExt_postResponse,a,num
js_serializeToJson,a,num
js_deserializeFromJson,a,sentence
js_postJson,a,sentence
js_menu_urlNames,a,menu
js_postResponse,a,num
js_callWorker,a,num
community_getUserInfo,a,num
community_isFollower,a,bool
community_isProjectLover,a,bool
community_openUrl,a,sentence
community_redirectUrl,a,sentence
community_pay,a,sentence
community_getError,a,num
puzzle_convertPaintToWatermark,a,sentence
puzzle_showWatermark,a,sentence
puzzle_hideWatermark,a,sentence
puzzle_isPaintSameAsWatermark,a,bool
puzzle_attemptCount,a,num
puzzle_stepInterval,a,num
puzzle_setResolved,a,sentence
puzzle_setSpriteTracker,a,sentence
puzzle_createReporter,a,sentence
puzzle_setNormalReporterValue,a,sentence
puzzle_normalReporter,a,num
puzzle_setBoolReporterValue,a,sentence
puzzle_boolReporter,a,sentence
kinect_getSensorOfPlayer,a,num
kinect_menu_SENSOR,a,menu
kinect_menu_PLAYER,a,menu
data_loadvariable,a,sentence
data_savevariable,a,sentence
data_loadlist,a,sentence
data_savelist,a,sentence
sensing_userid,xmw,num
xiaoma_getXiaomaUserInfo,xmw,num
xiaoma_xiaomaPurchase,xmw,sentence
sccn_jituiTotal,cn,bool
sccn_jituiTotalGT,cn,bool
sccnvip_getPlayerNickname,cn,num
sccnvip_saveUserInfo,cn,sentence
sccnvip_getUserList,cn,sentence
sccnvip_menu_DRUM,cn,menu
sccnvip_menu_PER,cn,menu
sccnvip_jsonChange,cn,num
ArkosArchiveCode_init,ccw,sentence
ArkosArchiveCode_serialization,ccw,sentence
ArkosArchiveCode_serializationForVariable,ccw,sentence
ArkosArchiveCode_serializationForList,ccw,sentence
ArkosArchiveCode_result,ccw,num
ArkosArchiveCode_deserialization,ccw,sentence
ArkosArchiveCode_deserializable,ccw,bool
ArkosArchiveCode_getAmount,ccw,num
ArkosArchiveCode_getContentByNumber,ccw,num
ArkosArchiveCode_ifExist,ccw,bool
ArkosArchiveCode_getContent,ccw,num
ArkosArchiveCode_getLengthOfList,ccw,num
ArkosArchiveCode_getContentOfList,ccw,num
ArkosArchiveCode_saveContentToVar,ccw,sentence
ArkosArchiveCode_saveContentToList,ccw,sentence
ArkosArchiveCode_delete,ccw,sentence
ArkosArchiveCode_encrypt,ccw,num
ArkosArchiveCode_decrypt,ccw,num
ArkosArchiveCode_writeClipboard,ccw,sentence
ArkosArchiveCode_getUnicode,ccw,num
ArkosArchiveCode_getCharByUnicode,ccw,num
arkosExtensions_getDirFromAToB,ccw,num
arkosExtensions_differenceBetweenDirections,ccw,num
arkosExtensions_disFromAToB,ccw,num
arkosExtensions_turnDegreesToDir,ccw,sentence
arkosExtensions_indexof,ccw,num
arkosExtensions_insertStr,ccw,num
arkosExtensions_replaceStr,ccw,num
arkosExtensions_strictlyEquals,ccw,bool
arkosExtensions_reporterToBoolean,ccw,bool
arkosExtensions_compareTwoSides,ccw,bool
arkosExtensions_compareTwoSidesPlus,ccw,bool
arkosExtensions_colorToHex,ccw,num
arkosExtensions_setSize,ccw,sentence
arkosExtensions_setXY,ccw,sentence
arkosExtensions_getEffect,ccw,num
arkosExtensions_isHiding,ccw,bool
arkosExtensions_getRotationStyle,ccw,num
arkosExtensions_getWidthOrHeight,ccw,num
arkosExtensions_getBoundaryCoord,ccw,num
arkosExtensions_isOutOfSight,ccw,bool
arkosExtensions_clearSortedTable,ccw,sentence
arkosExtensions_setTypeOfSortedTable,ccw,sentence
arkosExtensions_menu_sortedTableMenu,ccw,menu
arkosExtensions_addToSortedTable,ccw,sentence
arkosExtensions_getFromSortedTableByNo,ccw,num
arkosExtensions_getFromSortedTableByName,ccw,num
arkosExtensions_lengthOfSortedTable,ccw,num
arkosExtensions_deleteNameOfSortedTable,ccw,sentence
arkosExtensions_deleteAllTempData,ccw,sentence
arkosExtensions_getCountOfTempData,ccw,num
arkosExtensions_delTempData,ccw,sentence
arkosExtensions_setTempVar,ccw,sentence
arkosExtensions_addTempVar,ccw,sentence
arkosExtensions_getTempVar,ccw,num
arkosExtensions_clearTempList,ccw,sentence
arkosExtensions_initTempList,ccw,sentence
arkosExtensions_addTempList,ccw,sentence
arkosExtensions_opTempList,ccw,sentence
arkosExtensions_delItemOfTempList,ccw,sentence
arkosExtensions_getItemOfTempList,ccw,num
arkosExtensions_lengthOfTempList,ccw,num
arkosExtensions_clearTempCon,ccw,sentence
arkosExtensions_initTempCon,ccw,sentence
arkosExtensions_opTempCon,ccw,sentence
arkosExtensions_delItemOfTempCon,ccw,sentence
arkosExtensions_getItemOfTempConByName,ccw,num
arkosExtensions_getItemOfTempConByNo,ccw,num
arkosExtensions_lengthOfTempCon,ccw,num
arkosExtensions_mirrorSprite,ccw,sentence
arkosExtensions_clearMirror,ccw,sentence
box2d_setStage,ccw,sentence
box2d_setGravity,ccw,sentence
box2d_setPhysics,ccw,sentence
box2d_doTick,ccw,sentence
box2d_setPosition,ccw,sentence
box2d_setVelocity,ccw,sentence
box2d_changeVelocity,ccw,sentence
box2d_getVelocityX,ccw,num
box2d_getVelocityY,ccw,num
box2d_applyForce,ccw,sentence
box2d_applyAngForce,ccw,sentence
box2d_setStatic,ccw,sentence
box2d_setProperties,ccw,sentence
box2d_getTouching,ccw,num
box2d_setScroll,ccw,sentence
box2d_changeScroll,ccw,sentence
box2d_getScrollX,ccw,num
box2d_getScrollY,ccw,num
CCWCanvasV2_goToFrontBack,ccw,sentence
CCWCanvasV2_goForwardBackwardLayers,ccw,sentence
CCWCanvasV2_clearCurrent,ccw,sentence
CCWCanvasV2_scratchX2Canvas,ccw,num
CCWCanvasV2_scratchY2Canvas,ccw,num
CCWCanvasV2_canvasX2Scratch,ccw,num
CCWCanvasV2_canvasY2Scratch,ccw,num
CCWCanvasV2_clearRectangle,ccw,sentence
CCWCanvasV2_clearEllipse,ccw,sentence
CCWCanvasV2_setAlpha,ccw,sentence
CCWCanvasV2_setColor,ccw,sentence
CCWCanvasV2_setColorWithOptions,ccw,sentence
CCWCanvasV2_setFill,ccw,sentence
CCWCanvasV2_setLineWidth,ccw,sentence
CCWCanvasV2_setLineCap,ccw,sentence
CCWCanvasV2_drawPoint,ccw,sentence
CCWCanvasV2_drawLine,ccw,sentence
CCWCanvasV2_drawRectangle,ccw,sentence
CCWCanvasV2_drawTriangle,ccw,sentence
CCWCanvasV2_drawEllipse,ccw,sentence
CCWCanvasV2_drawBezier,ccw,sentence
CCWCanvasV2_drawText,ccw,sentence
CCWCanvasV2_drawTextWithOption,ccw,sentence
CCWCanvasV2_setFontSize,ccw,sentence
CCWCanvasV2_setFont,ccw,sentence
CCWCanvasV2_loadImage,ccw,sentence
CCWCanvasV2_getImageWidth,ccw,num
CCWCanvasV2_getImageHeight,ccw,num
CCWCanvasV2_drawImage,ccw,sentence
CCWCanvasV2_autoDrawOnStage,ccw,sentence
CCWCanvasV2_drawOnStage,ccw,sentence
CCWCanvasV2_beginPath,ccw,sentence
CCWCanvasV2_closePath,ccw,sentence
CCWCanvasV2_moveTo,ccw,sentence
CCWCanvasV2_lineTo,ccw,sentence
CCWCanvasV2_arcTo,ccw,sentence
CCWCanvasV2_clip,ccw,sentence
CCWCanvasV2_stroke,ccw,sentence
CCWCanvasV2_fill,ccw,sentence
CCWCanvasV2_measureTextWidth,ccw,num
CCWCanvasV2_scale,ccw,sentence
CCWCanvasV2_rotate,ccw,sentence
CCWCanvasV2_translate,ccw,sentence
CCWCanvasV2_transform,ccw,sentence
CCWCanvasV2_clearTransform,ccw,sentence
CCWCanvasV2_save,ccw,sentence
CCWCanvasV2_restore,ccw,sentence
CCWCanvasV2_drawFromCanvas,ccw,sentence
CCWCanvasV2_setComposite,ccw,sentence
CCWCanvasV2_reset,ccw,sentence
CCWData_setValueToDB,ccw,sentence
CCWData_getValueFromDB,ccw,num
CCWData_sendPlayEventCode,ccw,sentence
CCWData_isValid,ccw,num
CCWData_getValueInJSON,ccw,num
CCWData_setValueInJSON,ccw,num
CCWData_fillJSONArrayToList,ccw,sentence
CCWData_menu_LIST_MENU,ccw,menu
CCWData_getJSONArrayFromList,ccw,num
CCWMMO_joinOrCreate,ccw,sentence
CCWMMO_joinOrCreateAndWait,ccw,sentence
CCWMMO_disconnectRoom,ccw,sentence
CCWMMO_roomLag,ccw,num
CCWMMO_getRoomInfo,ccw,num
CCWMMO_setRoomExtra,ccw,sentence
CCWMMO_dispatchRoomStateChangedWithParams,ccw,top-arg
ccw_hat_parameter,ccw,special-num
CCWMMO_roomExtra,ccw,num
CCWMMO_enableMultiLogin,ccw,sentence
CCWMMO_dispatchLobbyRoomChangedWithParams,ccw,top-arg
CCWMMO_getLobbyRoomInfoAt,ccw,num
CCWMMO_getLobbyRoomCount,ccw,num
CCWMMO_setMatchRoomToList,ccw,sentence
CCWMMO_menu_LIST_MENU,ccw,menu
CCWMMO_getMatchRooms,ccw,num
CCWMMO_joinOrCreateMatch,ccw,sentence
CCWMMO_joinOrCreateMatchAndWait,ccw,sentence
CCWMMO_joinMatchmaking,ccw,sentence
CCWMMO_joinMatchmakingAndWait,ccw,sentence
CCWMMO_lockRoom,ccw,sentence
CCWMMO_menu_LOCK_MENU,ccw,menu
CCWMMO_broadcastMsg,ccw,sentence
CCWMMO_dispatchNewMessageWithParams,ccw,top-arg
CCWMMO_getClientList,ccw,num
CCWMMO_getPlayerCount,ccw,num
CCWMMO_getPlayerInfo,ccw,num
CCWMMO_setPlayerState,ccw,sentence
CCWMMO_setPlayerStateXY,ccw,sentence
CCWMMO_dispatchRoomEnter,ccw,top
CCWMMO_dispatchNewPlayerWithParams,ccw,top-arg
CCWMMO_getNewPlayerInfo,ccw,num
CCWMMO_dispatchPlayerLeaveWithParams,ccw,top-arg
CCWMMO_dispatchPlayerLeaveAbnormal,ccw,top
CCWMMO_getLastLeftPlayerInfo,ccw,num
CCWMMO_dispatchPlayerChangedWithParams,ccw,top-arg
CCWMMO_getLastStateChangedPlayerInfo,ccw,num
CCWMMO_getPlayerInfoFromIndex,ccw,num
CCWMMO_createCloneWithLastPlayerState,ccw,sentence
CCWMMO_getThisClonePlayerInfo,ccw,num
CCWMMO_isThisAClone,ccw,bool
CCWMMO_thisCloneIsMeOrNot,ccw,bool
CCWMMO_isCloneSessionIdEqualTo,ccw,bool
CCWSugar_exponentiation,ccw,num
CCWSugar_equalOrLess,ccw,bool
CCWSugar_equalOrGreater,ccw,bool
CCWSugar_ifElse,ccw,num
CCWSugar_subString,ccw,num
CCWSugar_when,ccw,top-input
CCWSugar_splitString,ccw,num
CCWSugar_copyToClipboard,ccw,sentence
community_isMyFans,ccw,bool
community_isFanOfSomeone,ccw,bool
community_getUserValue,ccw,num
community_menu_USER_INFO_TYPE_MENU,ccw,menu
community_requestFollow,ccw,bool
community_isLiked,ccw,bool
community_getCoinCount,ccw,num
community_insertCoinAndWaitForResult,ccw,bool
community_getProjectStatistics,ccw,num
community_postComment,ccw,sentence
community_isUserLikedOtherProject,ccw,bool
community_isUserFavoriteOtherProject,ccw,bool
community_redirect,ccw,sentence
community_genURLWithParams,ccw,num
community_getURLParams,ccw,num
community_captureStageAsAvatar,ccw,sentence
faceSensing_goToPart,ccw,sentence
faceSensing_pointInFaceTiltDirection,ccw,sentence
faceSensing_setSizeToFaceSize,ccw,sentence
faceSensing_whenTilted,ccw,top
faceSensing_whenSpriteTouchesPart,ccw,top
faceSensing_whenFaceDetected,ccw,top
faceSensing_faceIsDetected,ccw,bool
faceSensing_faceTilt,ccw,num
faceSensing_faceSize,ccw,num
Gandi4DPocket_aString,ccw,num
Gandi4DPocket_currentURL,ccw,num
Gandi4DPocket_genID,ccw,num
Gandi4DPocket_regexTest,ccw,bool
Gandi4DPocket_menu_REGEX_MENU,ccw,menu
Gandi4DPocket_regexMatch,ccw,num
Gandi4DPocket_menu_REGEX_MATCH_MENU,ccw,menu
Gandi4DPocket_regexSplit,ccw,num
Gandi4DPocket_menu_REGEX_SPLIT_MENU,ccw,menu
Gandi4DPocket_arrayDifference,ccw,num
Gandi4DPocket_arrayFindByKey,ccw,num
Gandi4DPocket_arrayIntersection,ccw,num
Gandi4DPocket_arrayUniquify,ccw,num
Gandi4DPocket_arrayConcat,ccw,num
Gandi4DPocket_arraySort,ccw,num
Gandi4DPocket_arraySortByKey,ccw,num
Gandi4DPocket_mathMinMax,ccw,num
Gandi4DPocket_dispatch4DEvent,ccw,top-arg
Gandi4DPocket_broadcast4DEvent,ccw,sentence
GandiAchievementAndLeaderboard_whenUIClose,ccw,top
GandiAchievementAndLeaderboard_showAchievementList,ccw,sentence
GandiAchievementAndLeaderboard_obtainAchievement,ccw,sentence
GandiAchievementAndLeaderboard_hasAchievement,ccw,bool
GandiAchievementAndLeaderboard_hasAchievementByTemplateId,ccw,bool
GandiAchievementAndLeaderboard_updateAchievementExtra,ccw,sentence
GandiAchievementAndLeaderboard_showLeaderboard,ccw,sentence
GandiAchievementAndLeaderboard_addUserScoreToLeaderboard,ccw,sentence
GandiAchievementAndLeaderboard_getUserDataFromLeaderboard,ccw,num
GandiAchievementAndLeaderboard_getUserBoardDataFromLeaderboardByUserId,ccw,num
GandiAStarExtension_createMap,ccw,sentence
GandiAStarExtension_menu_SPRITE_LIST,ccw,menu
GandiAStarExtension_clearMap,ccw,sentence
GandiAStarExtension_isWalkable,ccw,bool
GandiAStarExtension_isCurrentTargetOnWalkable,ccw,bool
GandiAStarExtension_addRectangleObstacle,ccw,sentence
GandiAStarExtension_fastOrAccurate,ccw,sentence
GandiAStarExtension_findPath,ccw,sentence
GandiAStarExtension_menu_LIST_MENU,ccw,menu
GandiAStarExtension_findPathBetweenSprites,ccw,sentence
GandiAStarExtension_itemOfList,ccw,num
GandiAStarExtension_goTo,ccw,sentence
GandiAStarExtension_drawDebugCanvasWithPath,ccw,sentence
GandiDolly-0.1.2_isTouching,ccw,bool
GandiDolly-0.1.2_menu_SPRITE_MENU,ccw,menu
GandiDolly-0.1.2_getTouchedCloneProperty,ccw,num
GandiDolly-0.1.2_cloneAndSetKV,ccw,sentence
GandiDolly-0.1.2_deleteCloneById,ccw,sentence
GandiDolly_dispatchWhenCloned,ccw,top
GandiDolly_dispatchWhenCloneDeleted,ccw,top
GandiDolly-0.1.2_getCloneProperty,ccw,num
GandiDolly-0.1.2_propertyOfSprite,ccw,num
GandiDolly-0.1.2_setTargetKV,ccw,sentence
GandiDolly-0.1.2_kvOfSprite,ccw,num
GandiDolly-0.1.2_getMyValueByKey,ccw,num
GandiDolly-0.1.2_myValueOfKeyIsEqualTo,ccw,num
GandiDolly-0.1.2_getMyProperty,ccw,num
GandiFermi_maxCloner,ccw,sentence
GandiFermi_setFramerate,ccw,sentence
GandiFermi_hqPen,ccw,sentence
GandiFermi_fencing,ccw,sentence
GandiFermi_showHidePause,ccw,sentence
GandiFermi_showHideCursor,ccw,sentence
GandiFermi_multiThead,ccw,sentence
GandiMedia_addVideoResources,ccw,sentence
GandiMedia_menu_VIDEO_LIST,ccw,menu
GandiMedia_loadAudioResource,ccw,sentence
GandiMedia_menu_AUDIO_LIST,ccw,menu
GandiMedia_dispatchWhenVideoResourceLoaded,ccw,top-arg
GandiMedia_dispatchWhenAudioResourceLoaded,ccw,top-arg
GandiMedia_disposeResource,ccw,sentence
GandiMedia_listOfResources,ccw,num
GandiMedia_videoPlaybackStatus,ccw,bool
GandiMedia_getVideoPropertyByName,ccw,num
GandiMedia_dispatchWhenVideoEventReceived,ccw,top
GandiMedia_stopVideoPlayback,ccw,sentence
GandiMedia_seekVideoPlayback,ccw,sentence
GandiMedia_playVideoAt,ccw,sentence
GandiMedia_menu_SPRITE_MENU,ccw,menu
GandiMedia_setVideoVolume,ccw,sentence
GandiMedia_audioPlaybackStatus,ccw,bool
GandiMedia_dispatchWhenAudioStatusChanged,ccw,top-arg
GandiMedia_playAudioAt,ccw,sentence
GandiMedia_stopAudioPlayback,ccw,sentence
GandiMedia_getAudioPlayerProperties,ccw,num
GandiMedia_setAudioResourceVolume,ccw,sentence
GandiMedia_audioFXLPF,ccw,sentence
GandiMedia_audioFXReverb,ccw,sentence
GandiMedia_audioFXDelay,ccw,sentence
GandiMedia_audioFXVolume,ccw,sentence
GandiMedia_audioFXPan,ccw,sentence
GandiMedia_audioPlayNote,ccw,sentence
GandiPureMath_evalExpr,ccw,num
GandiPureMath_simplifyExpr,ccw,num
GandiQuake_enableQuake,ccw,sentence
GandiQuake_removeQuake,ccw,sentence
GandiQuake_glitchDuration,ccw,sentence
GandiQuake_filmNoise,ccw,sentence
GandiQuake_filmScanLine,ccw,sentence
GandiQuake_filmColor,ccw,sentence
GandiQuake_shadowDecay,ccw,sentence
GandiQuake_shake,ccw,sentence
GandiQuake_shockwave,ccw,sentence
GandiQuake_noiseBlur,ccw,sentence
GandiTerminal_showTerminal,ccw,sentence
GandiTerminal_menu_SHOW_HIDE,ccw,menu
GandiTerminal_dispatchEventFromTerminal,ccw,top-arg
GandiTerminal_pause,ccw,sentence
GandiTerminal_continue,ccw,sentence
GandiTerminal_whenChanged,ccw,top-input
GandiTerminal_when,ccw,top-input
RegExpVI_str,ccw,num
RegExpVI_range,ccw,num
RegExpVI_quantifier,ccw,num
RegExpVI_menu_RegExpPicker,ccw,menu
RegExpVI_countn,ccw,num
RegExpVI_countrange,ccw,num
RegExpVI_or,ccw,num
RegExpVI_concat,ccw,num
RegExpVI_concatwithseparator,ccw,num
RegExpVI_group,ccw,num
RegExpVI_groupreference,ccw,num
RegExpVI_findtext,ccw,sentence
RegExpVI_findnext,ccw,sentence
RegExpVI_isfound,ccw,bool
RegExpVI_foundtext,ccw,num
RegExpVI_foundtextbegin,ccw,num
RegExpVI_foundtextend,ccw,num
RegExpVI_foundtextgroups,ccw,num
RegExpVI_findall,ccw,sentence
RegExpVI_split,ccw,sentence
RegExpVI_replace,ccw,num
VIDateTime_date,ccw,num
VIDateTime_time,ccw,num
VIDateTime_now,ccw,num
VIDateTime_today,ccw,num
VIDateTime_after2000,ccw,num
VIDateTime_diff2000,ccw,num
VIDateTime_diff,ccw,num
VIDateTime_add,ccw,num
VIDateTime_get,ccw,num
VIDateTime_timezone,ccw,num
VIDateTime_timezonemin,ccw,num
GandiJoystick_whenJoystickMoved,ccw,top-arg
GandiAIHub_dispatchWhenMessageReceived,ccw,top-arg
text_dispatchFontLoaded,ccw,top-arg
text_dispatchTextTyped,ccw,top-arg
WitCatMouse_mouse,ccw,top
WitCatMouse_mousetds,ccw,top-input
WitCatInput_keys,ccw,top-input
GandiMedia_dispatchWhenVideoEventReceived,ccw,top-arg
nhjr.ToolBox.ConvenientModules.hatWhenBecomeTrue,cc,top-input
nhjr.ToolBox.ConvenientModules.hatWhenChange,cc,top-input
nhjr.ToolBox.ConvenientModules.NeverGonnaGiveYouStart,cc,top
nhjr.ToolBox.ConvenientModules.NeverGonnaLetYouStop,cc,top
nhjr.ToolBox.ConvenientModules.hatWhenIsTrue,cc,top-input
frank.gamepad.onPress,cc,top-input
top.sparrowhe.console.execute,cc,top
shiki.lollipop.hat,cc,top-input
shiki.touch.whenstagepressed,cc,top
shiki.touch.whenspritepressed,cc,top
StrokeMoveExtensions_whenMarkChange,ccw,top-arg
advancedControls_beforeFlagClicked,ccw,top
advancedControls_whenProjectStopped,ccw,top
advancedControls_beforeWindowClosed,ccw,top
lmscomments_commentHat,ccw,top
witCat.dollyPro_receiveMyBroadcast,ccw,top-arg
